<?xml version="1.0" encoding="UTF-8"?>
<project-private xmlns="http://www.netbeans.org/ns/project-private/1">
    <editor-bookmarks xmlns="http://www.netbeans.org/ns/editor-bookmarks/2" lastBookmarkId="0"/>
    <open-files xmlns="http://www.netbeans.org/ns/projectui-open-files/2">
        <group>
            <file>file:/C:/Users/janis/Documents/NetBeansProjects/TestWeb/public_html/index.html</file>
            <file>file:/C:/Users/janis/Documents/NetBeansProjects/TestWeb/public_html/citaLapa.html</file>
            <file>file:/C:/Users/janis/Documents/NetBeansProjects/TestWeb/public_html/forma.html</file>
            <file>file:/C:/Users/janis/Documents/NetBeansProjects/TestWeb/public_html/adreses.html</file>
            <file>file:/C:/Users/janis/Documents/NetBeansProjects/TestWeb/public_html/images/bilde_2.png</file>
            <file>file:/C:/Users/janis/Documents/NetBeansProjects/TestWeb/public_html/mansStils.css</file>
        </group>
    </open-files>
</project-private>
